City_ID,City,Country,Date,Lat,Lng,Max Temp,Humidity,Cloudiness,Wind Speed
0,Vardo,NO,2022-08-06 16:13:40,70.3705,31.1107,51.78,93,100,9.22
1,Tasiilaq,GL,2022-08-06 16:13:40,65.6145,-37.6368,46.56,77,100,14.56
2,Haines Junction,CA,2022-08-06 16:13:41,60.7522,-137.5108,53.98,82,96,5.48
3,Hamilton,US,2022-08-06 16:12:02,39.1834,-84.5333,82.2,97,75,6.91
4,Bluff,NZ,2022-08-06 16:13:41,-46.6,168.3333,40.96,97,83,22.19
5,Samarai,PG,2022-08-06 16:13:41,-10.6167,150.6667,79.86,86,96,10.29
6,Lamu,KE,2022-08-06 16:13:42,-2.2717,40.902,75.42,74,7,15.46
7,Aklavik,CA,2022-08-06 16:13:42,68.2191,-135.0107,55.4,94,100,9.22
8,Rikitea,PF,2022-08-06 16:13:42,-23.1203,-134.9692,68.95,65,81,19.48
9,Vila Velha,BR,2022-08-06 16:13:42,-20.3297,-40.2925,80.55,66,20,17.27
10,Sao Filipe,CV,2022-08-06 16:13:43,14.8961,-24.4956,77.41,83,81,6.29
11,Jalu,LY,2022-08-06 16:13:43,29.0331,21.5482,96.94,17,0,15.43
12,Cayenne,GF,2022-08-06 16:13:43,4.9333,-52.3333,89.64,28,40,5.01
13,Araxa,BR,2022-08-06 16:13:44,-19.5933,-46.9406,84.87,23,6,5.73
14,Punta Arenas,CL,2022-08-06 16:13:28,-53.15,-70.9167,37.51,87,100,8.05
15,New Norfolk,AU,2022-08-06 16:13:44,-42.7826,147.0587,42.3,73,100,1.52
16,Talnakh,RU,2022-08-06 16:13:45,69.4865,88.3972,55.26,96,97,2.06
17,Atuona,PF,2022-08-06 16:13:45,-9.8,-139.0333,76.77,77,60,18.7
18,Surt,LY,2022-08-06 16:13:45,31.2089,16.5887,83.91,60,0,11.77
19,Torbay,CA,2022-08-06 16:12:20,47.6666,-52.7314,78.89,72,9,11.99
20,Iquitos,PE,2022-08-06 16:13:46,-3.7481,-73.2472,82.44,78,75,5.75
21,Mataura,NZ,2022-08-06 16:13:46,-46.1927,168.8643,43.61,94,91,5.12
22,Moose Factory,CA,2022-08-06 16:13:46,51.2585,-80.6094,65.89,94,100,13.33
23,Cherskiy,RU,2022-08-06 16:13:47,68.75,161.3,48.76,66,52,4.12
24,Qiyang,CN,2022-08-06 16:13:47,26.5911,111.8474,81.93,72,49,5.23
25,Sumbe,AO,2022-08-06 16:13:47,-11.2061,13.8437,70.66,77,100,6.53
26,Wattegama,LK,2022-08-06 16:13:48,6.7989,81.4808,78.8,64,100,7.2
27,Mar Del Plata,AR,2022-08-06 16:13:46,-38.0023,-57.5575,51.1,77,0,5.75
28,Broome,US,2022-08-06 16:13:48,42.2506,-75.833,87.69,68,20,11.5
29,Narsaq,GL,2022-08-06 16:13:48,60.9167,-46.05,50.22,95,99,7.16
30,Albany,US,2022-08-06 16:12:57,42.6001,-73.9662,89.62,63,34,4.81
31,Khash,IR,2022-08-06 16:13:49,28.2211,61.2158,87.22,12,0,7.67
32,Dikson,RU,2022-08-06 16:13:49,73.5069,80.5464,42.17,98,98,8.93
33,Codrington,AU,2022-08-06 16:13:49,-38.2667,141.9667,48.85,81,99,7.85
34,Port Hedland,AU,2022-08-06 16:13:50,-20.3167,118.5667,59.05,77,0,5.75
35,Pevek,RU,2022-08-06 16:13:50,69.7008,170.3133,35.69,99,100,5.66
36,Roela,EE,2022-08-06 16:13:51,59.1667,26.5926,66.16,53,100,9.71
37,Richards Bay,ZA,2022-08-06 16:13:51,-28.783,32.0377,67.39,87,38,2.82
38,Palembang,ID,2022-08-06 16:13:51,-2.9167,104.7458,78.89,89,40,0.0
39,Yining,CN,2022-08-06 16:13:52,29.0361,114.5636,81.0,75,16,3.02
40,Butaritari,KI,2022-08-06 16:13:52,3.0707,172.7902,81.68,78,89,14.7
41,Barrow,US,2022-08-06 16:13:52,71.2906,-156.7887,35.22,88,100,17.2
42,Port Alfred,ZA,2022-08-06 16:13:53,-33.5906,26.891,59.18,92,26,3.0
43,Upernavik,GL,2022-08-06 16:10:26,72.7868,-56.1549,40.08,92,76,11.1
44,Katsuura,JP,2022-08-06 16:14:53,35.1333,140.3,75.47,85,69,5.08
45,Ankazobe,MG,2022-08-06 16:14:53,-18.3167,47.1167,64.22,44,30,4.03
46,Haapiti,PF,2022-08-06 16:14:54,-17.5667,-149.8667,71.33,75,89,23.51
47,Carutapera,BR,2022-08-06 16:14:54,-1.195,-46.02,85.46,62,43,10.36
48,Udachnyy,RU,2022-08-06 16:14:54,66.4167,112.4,48.92,94,100,16.55
49,Ingham,US,2022-08-06 16:14:55,42.6,-84.3833,86.85,74,40,4.61
50,Khatanga,RU,2022-08-06 16:14:55,71.9667,102.5,55.51,81,21,3.0
51,Norman Wells,CA,2022-08-06 16:14:55,65.282,-126.8329,57.24,94,100,18.41
52,Hilo,US,2022-08-06 16:14:55,19.7297,-155.09,75.27,95,75,4.61
53,Bilma,NE,2022-08-06 16:14:56,18.6853,12.9164,106.36,12,7,6.82
54,Blagoyevo,RU,2022-08-06 16:14:56,63.3667,47.9167,75.94,56,0,4.29
55,Jarocin,PL,2022-08-06 16:14:56,51.9727,17.5026,74.84,28,100,9.24
56,Vaini,TO,2022-08-06 16:14:57,-21.2,-175.2,71.76,88,40,10.36
57,Ilo,PE,2022-08-06 16:14:57,-17.6394,-71.3375,61.66,77,75,8.05
58,Yellowknife,CA,2022-08-06 16:14:57,62.456,-114.3525,63.12,63,75,15.01
59,Mahebourg,MU,2022-08-06 16:14:58,-20.4081,57.7,70.09,83,40,13.8
60,Bengkulu,ID,2022-08-06 16:14:58,-3.8004,102.2655,75.51,86,0,4.72
61,Ancud,CL,2022-08-06 16:14:58,-41.8697,-73.8203,48.22,67,100,9.64
62,Avarua,CK,2022-08-06 16:14:59,-21.2078,-159.775,73.45,78,75,12.66
63,Georgetown,MY,2022-08-06 16:11:22,5.4112,100.3354,83.89,79,20,0.0
64,Kholodnyy,RU,2022-08-06 16:14:59,62.7167,147.95,50.09,91,89,7.43
65,Baruun-Urt,MN,2022-08-06 16:14:59,46.6806,113.2792,58.82,88,99,9.8
66,Kapit,MY,2022-08-06 16:15:00,2.0167,112.9333,73.78,97,100,0.34
67,Matara,LK,2022-08-06 16:15:00,5.9485,80.5353,77.05,90,100,8.3
68,Busselton,AU,2022-08-06 16:15:00,-33.65,115.3333,54.39,91,47,14.29
69,Mount Isa,AU,2022-08-06 16:15:01,-20.7333,139.5,65.97,27,100,9.22
70,Koulikoro,ML,2022-08-06 16:15:01,14.0,-7.75,88.63,50,76,7.96
71,Hobart,AU,2022-08-06 16:10:24,-42.8794,147.3294,42.66,86,100,10.36
72,Darnah,LY,2022-08-06 16:15:01,32.767,22.6367,82.72,62,0,21.36
73,Ketchikan,US,2022-08-06 16:15:02,55.3422,-131.6461,59.47,94,100,14.97
74,Castro,BR,2022-08-06 16:15:02,-24.7911,-50.0119,63.59,71,98,6.76
75,Mount Gambier,AU,2022-08-06 16:15:03,-37.8333,140.7667,47.79,91,93,5.21
76,Ushuaia,AR,2022-08-06 16:15:03,-54.8,-68.3,37.02,80,0,1.14
77,Puerto Escondido,MX,2022-08-06 16:13:02,15.85,-97.0667,86.83,70,40,5.75
78,Ignacio Zaragoza,MX,2022-08-06 16:15:03,28.3833,-107.2167,73.26,44,6,6.17
79,Halifax,CA,2022-08-06 16:11:24,44.6453,-63.5724,81.7,83,63,5.01
80,Lebu,CL,2022-08-06 16:15:04,-37.6167,-73.65,49.86,95,100,5.08
81,Berbera,SO,2022-08-06 16:15:04,10.4396,45.0143,92.17,48,28,3.49
82,Toora-Khem,RU,2022-08-06 16:15:04,52.4675,96.11,45.57,73,10,2.59
83,Thompson,CA,2022-08-06 16:15:05,55.7435,-97.8558,59.16,63,20,9.22
84,Paragominas,BR,2022-08-06 16:15:05,-2.9667,-47.4833,92.41,38,23,6.58
85,Qaanaaq,GL,2022-08-06 16:15:05,77.484,-69.3632,42.17,57,100,2.91
86,Saldanha,ZA,2022-08-06 16:15:06,-33.0117,17.9442,58.98,79,0,14.29
87,Collie,AU,2022-08-06 16:15:06,-33.3667,116.15,50.09,96,58,6.58
88,Faanui,PF,2022-08-06 16:15:06,-16.4833,-151.75,77.94,76,69,24.56
89,Tiksi,RU,2022-08-06 16:15:07,71.6872,128.8694,38.8,91,100,16.08
90,Leshukonskoye,RU,2022-08-06 16:15:07,64.8989,45.7622,78.01,52,2,6.55
91,Sitka,US,2022-08-06 16:11:26,57.0531,-135.33,57.09,94,100,11.5
92,Shellbrook,CA,2022-08-06 16:16:08,53.2168,-106.4011,63.63,55,60,8.43
93,Victoria,HK,2022-08-06 16:13:41,22.2855,114.1577,83.32,91,61,4.0
94,Boli,CN,2022-08-06 16:16:08,45.7667,130.5167,71.31,74,99,2.42
95,Waipawa,NZ,2022-08-06 16:16:08,-41.4122,175.5153,53.58,82,82,17.27
96,Songea,TZ,2022-08-06 16:16:09,-10.6833,35.65,64.74,44,30,3.78
97,Touros,BR,2022-08-06 16:16:09,-5.1989,-35.4608,83.1,64,83,17.05
98,East London,ZA,2022-08-06 16:16:10,-33.0153,27.9116,59.94,88,20,10.36
99,Puerto Ayora,EC,2022-08-06 16:16:10,-0.7393,-90.3518,76.96,90,92,10.0
100,Ponta Do Sol,PT,2022-08-06 16:16:10,32.6667,-17.1,80.71,73,0,3.71
101,Cape Town,ZA,2022-08-06 16:16:10,-33.9258,18.4232,62.11,69,20,14.0
102,Hermanus,ZA,2022-08-06 16:16:11,-34.4187,19.2345,55.8,73,100,22.44
103,Hithadhoo,MV,2022-08-06 16:16:11,-0.6,73.0833,82.89,72,48,10.8
104,Komsomolskiy,UZ,2022-08-06 16:16:11,40.4272,71.7189,83.28,23,1,7.83
105,Avera,US,2022-08-06 16:16:12,33.194,-82.5271,89.55,54,72,6.51
106,Cambados,ES,2022-08-06 16:16:12,42.5122,-8.8131,79.79,60,3,5.7
107,Carbonia,IT,2022-08-06 16:13:21,39.1672,8.5222,95.02,43,1,12.28
108,Saint George,US,2022-08-06 16:16:12,37.1041,-113.5841,88.63,43,0,3.44
109,Makaryev,RU,2022-08-06 16:16:13,57.8797,43.8069,73.87,64,87,4.85
110,Kodiak,US,2022-08-06 16:16:13,57.79,-152.4072,53.11,76,40,0.0
111,Klaksvik,FO,2022-08-06 16:16:13,62.2266,-6.589,54.52,99,100,11.7
112,Airai,TL,2022-08-06 16:16:14,-8.9266,125.4092,58.32,96,95,2.73
113,Khandyga,RU,2022-08-06 16:12:15,62.6667,135.6,64.2,64,100,3.49
114,Tahta,EG,2022-08-06 16:16:14,26.7693,31.5021,100.83,14,7,15.17
115,Kiunga,PG,2022-08-06 16:16:14,-6.1219,141.2906,73.04,99,100,1.43
116,Fairbanks,US,2022-08-06 16:16:15,64.8378,-147.7164,51.76,90,100,6.91
117,Sefton,NZ,2022-08-06 16:16:15,-43.25,172.6667,49.96,94,5,4.09
118,Florianopolis,BR,2022-08-06 16:16:15,-27.6146,-48.5012,63.63,61,75,8.05
119,Rafraf,TN,2022-08-06 16:16:16,37.1904,10.1837,88.12,64,8,10.18
120,Kyren,RU,2022-08-06 16:16:16,51.6828,102.1408,52.45,81,86,0.85
121,Marawi,PH,2022-08-06 16:16:16,7.9986,124.2928,68.92,98,100,2.39
122,Kargalinskaya,RU,2022-08-06 16:16:17,43.7417,46.4792,72.46,66,41,8.34
123,Camacha,PT,2022-08-06 16:16:17,33.0833,-16.3333,72.82,64,40,12.66
124,Ribeira Grande,PT,2022-08-06 16:16:17,38.5167,-28.7,77.4,78,20,11.5
125,Kommunisticheskiy,RU,2022-08-06 16:16:18,61.6789,64.4819,68.9,64,88,1.52
126,Alofi,NU,2022-08-06 16:16:18,-19.0595,-169.9187,71.49,94,100,10.36
127,Katherine,AU,2022-08-06 16:16:18,-14.4667,132.2667,82.72,47,75,8.05
128,Kapaa,US,2022-08-06 16:16:10,22.0752,-159.319,73.72,93,75,6.91
129,Kerouane,GN,2022-08-06 16:16:19,9.2667,-9.0167,78.6,82,70,3.67
130,Sorong,ID,2022-08-06 16:16:19,-0.8833,131.25,77.25,90,100,7.56
131,Katangli,RU,2022-08-06 16:16:19,51.7102,143.2326,52.41,97,100,13.51
132,Nemuro,JP,2022-08-06 16:14:16,43.3236,145.575,60.37,88,100,9.91
133,Pisco,PE,2022-08-06 16:16:20,-13.7,-76.2167,63.01,77,75,8.05
134,Suntar,RU,2022-08-06 16:16:20,62.1444,117.6319,50.95,82,100,3.91
135,Manta,EC,2022-08-06 16:16:20,-0.95,-80.7333,76.78,78,100,6.91
136,Saint Anthony,US,2022-08-06 16:17:21,45.0205,-93.218,73.92,94,75,11.5
137,Agustin Codazzi,CO,2022-08-06 16:17:21,10.0341,-73.2361,89.58,64,100,4.21
138,Kaitangata,NZ,2022-08-06 16:17:21,-46.2817,169.8464,45.72,83,90,6.13
139,Pacific Grove,US,2022-08-06 16:17:22,36.6177,-121.9166,65.88,84,84,3.0
140,Tuktoyaktuk,CA,2022-08-06 16:17:22,69.4541,-133.0374,59.0,94,100,10.36
141,Zinder,NE,2022-08-06 16:17:22,13.8072,8.9881,96.76,46,20,9.22
142,Nikolskoye,RU,2022-08-06 16:17:23,59.7035,30.7861,66.78,97,100,9.17
143,Hovd,MN,2022-08-06 16:17:23,48.0056,91.6419,63.61,37,99,3.6
144,Esperance,AU,2022-08-06 16:17:23,-33.8667,121.9,54.45,62,50,11.5
145,Mersing,MY,2022-08-06 16:17:14,2.4312,103.8405,75.11,94,40,4.61
146,Zlocieniec,PL,2022-08-06 16:17:24,53.5329,16.0113,68.7,49,6,13.62
147,Matamoros,MX,2022-08-06 16:17:24,25.5333,-103.25,84.31,34,0,11.5
148,Kendari,ID,2022-08-06 16:17:25,-3.945,122.4989,73.74,96,100,1.36
149,Gigmoto,PH,2022-08-06 16:17:25,13.7796,124.39,78.89,86,100,9.13
150,Kitimat,CA,2022-08-06 16:17:25,54.0524,-128.6534,65.91,44,100,2.57
151,Nakasongola,UG,2022-08-06 16:17:26,1.3089,32.4564,74.52,54,98,6.33
152,Turkan,AZ,2022-08-06 16:17:26,40.3639,50.215,78.98,73,20,23.02
153,Jamestown,US,2022-08-06 16:14:00,42.097,-79.2353,82.02,61,100,6.91
154,Tual,ID,2022-08-06 16:17:26,-5.6667,132.75,79.32,84,92,6.85
155,Dickinson,US,2022-08-06 16:15:00,29.4608,-95.0513,83.05,88,75,4.61
156,Tecoanapa,MX,2022-08-06 16:17:27,16.5167,-98.75,82.24,71,99,2.24
157,Kudahuvadhoo,MV,2022-08-06 16:17:27,2.6708,72.8944,82.38,77,89,13.89
158,Bardiyah,LY,2022-08-06 16:17:27,31.7561,25.0865,83.37,56,0,18.81
159,San Policarpo,PH,2022-08-06 16:17:28,12.1791,125.5072,78.31,82,100,6.2
160,Ahipara,NZ,2022-08-06 16:17:28,-35.1667,173.1667,59.92,93,100,10.31
161,Maningrida,AU,2022-08-06 16:17:28,-12.0667,134.2667,71.02,82,2,6.96
162,Kalemie,CD,2022-08-06 16:17:29,-5.9475,29.1947,75.07,54,13,4.23
163,Chicama,PE,2022-08-06 16:17:29,-7.8447,-79.1469,59.54,65,95,7.25
164,Qaqortoq,GL,2022-08-06 16:17:29,60.7167,-46.0333,45.63,93,96,10.85
165,Belmonte,BR,2022-08-06 16:17:30,-15.8631,-38.8828,79.38,57,4,6.51
166,Sobolevo,RU,2022-08-06 16:17:30,54.4299,31.8996,75.04,76,3,6.44
167,Peniche,PT,2022-08-06 16:17:30,39.3558,-9.3811,75.29,76,37,10.89
168,Pa Sang,TH,2022-08-06 16:17:31,18.5262,98.9394,81.01,56,93,2.93
169,Tighina,MD,2022-08-06 16:17:31,46.8306,29.4711,84.97,36,87,4.72
170,Achit,RU,2022-08-06 16:17:31,56.7985,57.8994,69.26,66,86,4.09
171,Bredasdorp,ZA,2022-08-06 16:17:32,-34.5322,20.0403,55.45,74,100,16.91
172,Miri,MY,2022-08-06 16:17:26,4.4148,114.0089,78.94,89,20,3.44
173,Humberto De Campos,BR,2022-08-06 16:17:32,-2.5983,-43.4611,90.32,46,24,7.76
174,Sal Rei,CV,2022-08-06 16:17:32,16.1833,-22.9167,77.2,94,75,3.44
175,Teguldet,RU,2022-08-06 16:17:33,57.3064,88.1667,55.76,95,86,2.48
176,Chuy,UY,2022-08-06 16:17:33,-33.6971,-53.4616,53.26,65,99,6.85
177,Carnarvon,AU,2022-08-06 16:17:33,-24.8667,113.6333,64.26,55,0,14.5
178,Libertador General San Martin,AR,2022-08-06 16:17:33,-23.8064,-64.7876,73.98,36,0,6.11
179,Rio Gallegos,AR,2022-08-06 16:17:34,-51.6226,-69.2181,37.45,100,100,3.44
180,Saint-Philippe,RE,2022-08-06 16:17:34,-21.3585,55.7679,69.39,72,54,6.46
181,Souillac,MU,2022-08-06 16:18:35,-20.5167,57.5167,70.18,83,40,13.8
182,Kruisfontein,ZA,2022-08-06 16:18:35,-34.0033,24.7314,56.88,81,83,9.57
183,Fort-Shevchenko,KZ,2022-08-06 16:18:35,44.5086,50.263,79.66,66,100,22.17
184,Akyab,MM,2022-08-06 16:18:36,20.15,92.9,82.44,83,49,15.64
185,Marolambo,MG,2022-08-06 16:18:36,-20.05,48.1167,60.8,98,12,0.69
186,Saryozek,KZ,2022-08-06 16:18:36,44.3583,77.9753,73.92,30,24,8.14
187,Providencia,MX,2022-08-06 16:18:36,28.7167,-111.5833,86.2,51,72,0.78
188,Svetlaya,RU,2022-08-06 16:18:37,46.5389,138.3297,66.0,99,100,6.33
189,Boueni,YT,2022-08-06 16:18:37,-12.9025,45.0761,75.18,63,5,7.87
190,Yanam,IN,2022-08-06 16:18:37,16.7333,82.2167,78.71,80,100,6.98
191,Shetpe,KZ,2022-08-06 16:18:38,44.1667,52.1167,84.02,28,100,9.62
192,Beloha,MG,2022-08-06 16:18:38,-25.1667,45.05,64.83,82,1,6.46
193,Salreu,PT,2022-08-06 16:18:38,40.7397,-8.5572,73.47,74,11,7.25
194,La Ronge,CA,2022-08-06 16:18:39,55.1001,-105.2842,66.45,55,20,9.22
195,Port-Gentil,GA,2022-08-06 16:18:39,-0.7193,8.7815,76.96,73,40,12.66
196,Njombe,TZ,2022-08-06 16:18:39,-9.3333,34.7667,55.09,65,66,7.81
197,Lompoc,US,2022-08-06 16:18:40,34.6391,-120.4579,62.6,95,100,12.66
198,Niamey,NE,2022-08-06 16:18:40,13.5137,2.1098,95.29,38,40,8.05
199,Dwarka,IN,2022-08-06 16:18:40,22.2394,68.9678,82.42,81,54,9.8
200,Saskylakh,RU,2022-08-06 16:18:41,71.9167,114.0833,48.25,63,100,7.99
201,Bethel,US,2022-08-06 16:18:41,41.3712,-73.414,91.15,60,0,12.66
202,Tura,IN,2022-08-06 16:18:41,25.5198,90.2201,74.71,97,55,1.72
203,Longyan,CN,2022-08-06 16:18:41,25.1072,117.0225,76.08,85,97,1.25
204,Maroua,CM,2022-08-06 16:18:42,10.591,14.3159,90.23,46,60,6.82
205,Mountain Home,US,2022-08-06 16:18:42,43.133,-115.6912,74.68,50,0,6.91
206,Alice Springs,AU,2022-08-06 16:18:43,-23.7,133.8833,40.55,52,0,0.0
207,Iqaluit,CA,2022-08-06 16:18:27,63.7506,-68.5145,44.22,73,75,8.41
208,Mitsamiouli,KM,2022-08-06 16:18:43,-11.3847,43.2844,76.59,66,79,7.81
209,Hasaki,JP,2022-08-06 16:18:43,35.7333,140.8333,73.8,81,88,5.21
210,Maniitsoq,GL,2022-08-06 16:18:44,65.4167,-52.9,42.03,89,54,16.98
211,Washougal,US,2022-08-06 16:17:08,45.5826,-122.3534,71.67,70,0,1.99
212,Nucsoara,RO,2022-08-06 16:18:44,45.3333,24.7833,76.93,54,79,3.4
213,Port Elizabeth,ZA,2022-08-06 16:16:15,-33.918,25.5701,59.09,97,68,5.01
214,Iskateley,RU,2022-08-06 16:18:44,67.6803,53.1512,76.8,60,63,7.9
215,Maltahohe,NA,2022-08-06 16:18:45,-24.8333,16.9833,74.93,18,12,19.01
216,Amahai,ID,2022-08-06 16:18:45,-3.3333,128.9167,75.43,92,100,1.72
217,Leningradskiy,RU,2022-08-06 16:18:45,69.3833,178.4167,35.73,93,98,0.36
218,Nanortalik,GL,2022-08-06 16:18:46,60.1432,-45.2371,44.85,97,100,7.96
219,Beringovskiy,RU,2022-08-06 16:18:46,63.05,179.3167,51.39,84,100,7.23
220,Bambanglipuro,ID,2022-08-06 16:18:46,-7.95,110.2833,76.08,87,100,8.97
221,Kupang,ID,2022-08-06 16:18:47,-10.1667,123.5833,74.5,89,68,8.05
222,Southbridge,US,2022-08-06 16:18:47,42.0751,-72.0334,92.95,68,48,4.0
223,Hurghada,EG,2022-08-06 16:18:47,27.2574,33.8129,93.06,41,16,14.16
224,Tallahassee,US,2022-08-06 16:15:27,30.4383,-84.2807,92.86,71,75,8.05
225,Altamira,BR,2022-08-06 16:18:48,-3.2033,-52.2064,95.09,52,75,6.91
226,Peruibe,BR,2022-08-06 16:18:48,-24.32,-46.9983,65.77,81,100,5.64
227,Lovozero,RU,2022-08-06 16:19:48,68.005,35.0117,66.24,85,100,6.31
228,Russell,US,2022-08-06 16:19:49,32.3502,-85.1999,94.37,58,0,3.44
229,Ugoofaaru,MV,2022-08-06 16:19:49,5.6667,73.0,80.91,86,100,19.8
230,Fortuna,US,2022-08-06 16:19:49,40.5982,-124.1573,61.92,91,100,0.0
231,Ixtapa,MX,2022-08-06 16:19:50,20.7,-105.2,87.22,74,100,3.44
232,Whakatane,NZ,2022-08-06 16:19:11,-37.9585,176.9854,56.52,96,100,1.01
233,Honningsvag,NO,2022-08-06 16:19:50,70.9821,25.9704,62.35,48,100,8.05
234,Tignere,CM,2022-08-06 16:19:50,7.3667,12.65,71.98,89,60,2.91
235,Provideniya,RU,2022-08-06 16:19:50,64.3833,-173.3,47.14,87,60,4.63
236,Zarasai,LT,2022-08-06 16:19:51,55.7333,26.25,59.16,91,99,7.11
237,Vizinga,RU,2022-08-06 16:19:51,61.0749,50.1031,75.7,60,31,4.03
238,Mirnyy,RU,2022-08-06 16:19:51,62.5353,113.9611,47.43,89,100,8.93
239,Homer,US,2022-08-06 16:19:52,59.6425,-151.5483,55.27,79,100,15.99
240,Axim,GH,2022-08-06 16:19:52,4.8699,-2.2405,78.3,67,12,9.66
241,Birjand,IR,2022-08-06 16:19:52,32.8663,59.2211,82.87,12,0,11.5
242,Derzhavinsk,KZ,2022-08-06 16:19:54,51.1,66.3167,75.52,38,85,12.06
243,Lichtenburg,ZA,2022-08-06 16:19:54,-26.152,26.1597,62.08,20,47,6.91
244,Luchegorsk,RU,2022-08-06 16:19:54,46.4764,134.2569,68.61,93,3,3.24
245,Arraial Do Cabo,BR,2022-08-06 16:19:55,-22.9661,-42.0278,73.36,60,75,8.05
246,Zhigansk,RU,2022-08-06 16:19:55,66.7697,123.3711,50.29,99,100,6.04
247,Rome,US,2022-08-06 16:19:55,34.257,-85.1647,90.27,72,75,4.61
248,Quatre Cocos,MU,2022-08-06 16:19:56,-20.2078,57.7625,69.91,73,61,10.27
249,Sturgeon Bay,US,2022-08-06 16:15:50,44.8342,-87.377,84.56,70,0,13.8
250,Magadi,IN,2022-08-06 16:19:56,12.9667,77.2333,75.4,89,100,16.22
251,Balaka,MW,2022-08-06 16:19:56,-14.9793,34.9558,72.82,27,0,2.53
252,Saint-Joseph,RE,2022-08-06 16:19:57,-21.3667,55.6167,68.38,72,53,4.41
253,Paracuru,BR,2022-08-06 16:16:02,-3.41,-39.0306,82.11,53,13,16.37
254,Farafangana,MG,2022-08-06 16:19:57,-22.8167,47.8333,69.15,83,0,8.3
255,Aviles,ES,2022-08-06 16:16:46,43.5547,-5.9248,75.38,77,75,6.91
256,Chokurdakh,RU,2022-08-06 16:19:57,70.6333,147.9167,36.46,95,100,8.21
257,Nirsa,IN,2022-08-06 16:19:58,23.7833,86.7167,84.45,74,69,5.97
258,Geraldton,AU,2022-08-06 16:19:58,-28.7667,114.6,50.41,87,100,10.36
259,Henties Bay,NA,2022-08-06 16:19:58,-22.116,14.2845,59.85,79,89,5.48
260,Dunedin,NZ,2022-08-06 16:19:59,-45.8742,170.5036,52.81,67,100,1.99
261,Santa Maria,BR,2022-08-06 16:16:52,-29.6842,-53.8069,57.78,63,85,11.63
262,Biak,ID,2022-08-06 16:19:59,-0.9131,122.8766,74.59,87,100,5.21
263,Dingle,PH,2022-08-06 16:19:59,10.9995,122.6711,75.4,92,100,2.08
264,Svetlogorsk,BY,2022-08-06 16:20:00,52.6333,29.7333,81.5,54,25,4.79
265,Samandag,TR,2022-08-06 16:20:00,36.0842,35.9771,84.72,72,0,9.98
266,Margate,GB,2022-08-06 16:20:00,51.3813,1.3862,72.3,53,6,7.52
267,Cabo San Lucas,MX,2022-08-06 16:20:01,22.8909,-109.9124,91.62,51,40,4.61
268,Trairi,BR,2022-08-06 16:18:58,-3.2778,-39.2689,86.2,52,7,16.06
269,Lagoa,PT,2022-08-06 16:20:01,39.05,-27.9833,75.65,80,28,12.15
270,Kavaratti,IN,2022-08-06 16:17:33,10.5669,72.642,80.26,86,51,21.09
271,Ostrovnoy,RU,2022-08-06 16:20:02,68.0531,39.5131,70.54,64,100,18.84
272,Balkanabat,TM,2022-08-06 16:20:02,39.5108,54.3671,93.54,23,5,11.12
273,Hofn,IS,2022-08-06 16:21:03,64.2539,-15.2082,53.92,88,100,5.19
274,Los Llanos De Aridane,ES,2022-08-06 16:21:03,28.6585,-17.9182,74.95,65,20,13.8
275,Coahuayana,MX,2022-08-06 16:21:03,18.7333,-103.6833,87.69,60,93,1.3
276,Koluszki,PL,2022-08-06 16:21:03,51.7387,19.8199,71.35,56,98,7.29
277,Luanda,AO,2022-08-06 16:16:24,-8.8368,13.2343,69.3,77,2,14.54
278,Madisonville,US,2022-08-06 16:21:04,37.3281,-87.4989,88.95,70,0,1.99
279,Miraflores,MX,2022-08-06 16:21:04,19.2167,-98.8083,67.03,50,75,2.53
280,Srednekolymsk,RU,2022-08-06 16:21:05,67.45,153.6833,53.04,90,100,3.47
281,Gravdal,NO,2022-08-06 16:21:05,68.1214,13.5031,53.15,84,95,14.23
282,Olinda,BR,2022-08-06 16:21:05,-8.0089,-34.8553,80.33,65,20,11.5
283,Nabire,ID,2022-08-06 16:21:05,-3.3667,135.4833,75.42,95,100,5.28
284,Meadow Lake,US,2022-08-06 16:21:06,34.8014,-106.5436,85.42,43,37,8.23
285,Boma,GH,2022-08-06 16:21:06,7.0805,-2.1697,88.97,41,33,1.81
286,Morant Bay,JM,2022-08-06 16:21:06,17.8815,-76.4093,83.82,70,100,12.55
287,Monteiro,BR,2022-08-06 16:21:07,-7.8894,-37.12,83.39,40,11,11.39
288,Igarka,RU,2022-08-06 16:21:07,67.4667,86.5833,57.76,83,100,5.26
289,Pangoa,PE,2022-08-06 16:21:07,-12.1167,-73.0,69.44,95,100,1.54
290,Mount Darwin,ZW,2022-08-06 16:21:08,-16.7725,31.5838,68.7,28,0,4.59
291,Anderson,US,2022-08-06 16:16:45,34.5334,-82.6499,88.16,70,100,9.22
292,Labuhan,ID,2022-08-06 16:21:08,-6.8844,112.2051,77.79,79,93,5.59
293,Severo-Kurilsk,RU,2022-08-06 16:21:09,50.6789,156.125,52.74,93,100,9.35
294,Hit,IQ,2022-08-06 16:21:09,33.6416,42.8251,110.62,14,0,9.15
295,Candelaria,PH,2022-08-06 16:21:09,13.9311,121.4233,74.39,96,100,3.65
296,Kingman,US,2022-08-06 16:16:22,35.1894,-114.053,90.27,38,0,0.0
297,Tuatapere,NZ,2022-08-06 16:21:10,-46.1333,167.6833,43.54,97,75,12.19
298,El Silencio,VE,2022-08-06 16:21:10,10.5,-66.9167,76.77,71,22,3.09
299,Evensk,RU,2022-08-06 16:21:10,61.95,159.2333,51.37,98,100,7.02
300,El Dovio,CO,2022-08-06 16:21:11,4.5079,-76.2362,70.57,79,93,0.98
301,Bandarbeyla,SO,2022-08-06 16:21:11,9.4942,50.8122,77.31,81,97,30.13
302,Bathsheba,BB,2022-08-06 16:21:11,13.2167,-59.5167,88.41,84,40,17.27
303,Segezha,RU,2022-08-06 16:21:12,63.7415,34.3222,74.5,63,81,15.03
304,Cidreira,BR,2022-08-06 16:21:12,-30.1811,-50.2056,57.67,64,46,7.14
305,Longyearbyen,SJ,2022-08-06 16:21:12,78.2186,15.6401,51.64,76,75,2.3
306,Kenai,US,2022-08-06 16:19:01,60.5544,-151.2583,54.03,82,100,14.97
307,Broken Arrow,US,2022-08-06 16:17:56,36.0526,-95.7908,91.78,63,0,12.66
308,Umm Kaddadah,SD,2022-08-06 16:21:13,13.6017,26.6876,85.21,48,98,13.49
309,Yulara,AU,2022-08-06 16:21:13,-25.2406,130.9889,50.04,43,0,9.17
310,Cururupu,BR,2022-08-06 16:21:13,-1.8283,-44.8683,85.5,62,54,8.43
311,Bodden Town,KY,2022-08-06 16:21:14,19.2833,-81.25,89.6,74,20,13.8
312,Santa Isabel Do Rio Negro,BR,2022-08-06 16:21:14,-0.4139,-65.0192,93.11,43,3,4.29
313,Almaznyy,RU,2022-08-06 16:21:14,48.0448,40.045,83.41,26,37,7.11
314,Maur,IN,2022-08-06 16:21:15,30.0833,75.25,87.6,63,99,5.26
315,Port Moresby,PG,2022-08-06 16:21:15,-9.4431,147.1797,76.42,94,20,3.44
316,Dhidhdhoo,MV,2022-08-06 16:21:15,6.8833,73.1,80.58,85,81,18.59
317,High River,CA,2022-08-06 16:20:10,50.5834,-113.8687,64.31,61,0,12.68
318,Bambous Virieux,MU,2022-08-06 16:22:16,-20.3428,57.7575,70.05,83,40,13.8
319,Onalaska,US,2022-08-06 16:22:16,43.8844,-91.2351,83.7,83,20,6.91
320,Pontal Do Parana,BR,2022-08-06 16:22:16,-25.6533,-48.5128,63.99,88,100,5.14
321,Coquimbo,CL,2022-08-06 16:22:17,-29.9533,-71.3436,58.73,72,100,13.8
322,Ballina,AU,2022-08-06 16:22:17,-28.8667,153.5667,53.64,67,0,8.88
323,Wyszkow,PL,2022-08-06 16:22:17,52.5928,21.4584,72.01,65,100,6.58
324,Sinnamary,GF,2022-08-06 16:22:18,5.3833,-52.95,86.54,59,54,9.1
325,Shimoda,JP,2022-08-06 16:22:18,34.6667,138.95,75.11,88,86,5.7
326,Namibe,AO,2022-08-06 16:22:19,-15.1961,12.1522,65.08,80,47,10.45
327,Coleraine,GB,2022-08-06 16:22:19,55.1333,-6.6667,67.91,65,95,13.67
328,Hastings,GB,2022-08-06 16:22:19,50.8552,0.5729,78.4,49,4,6.31
329,Dicabisagan,PH,2022-08-06 16:22:19,17.0818,122.4157,79.02,87,86,5.21
330,Saint-Francois,FR,2022-08-06 16:22:20,46.4154,3.9054,85.44,26,0,11.5
331,San Quintin,MX,2022-08-06 16:22:20,30.4833,-115.95,72.66,83,97,10.58
332,Usinsk,RU,2022-08-06 16:22:20,65.9939,57.5281,74.19,52,28,5.99
333,Mangrol,IN,2022-08-06 16:22:21,21.1167,70.1167,81.84,84,61,9.98
334,Riyadh,SA,2022-08-06 16:22:21,24.6877,46.7219,109.54,11,63,3.56
335,Izhmorskiy,RU,2022-08-06 16:22:21,56.194,86.6414,59.9,77,94,3.4
336,Saint-Avertin,FR,2022-08-06 16:22:22,47.3636,0.7399,80.47,30,0,11.5
337,Mangit,UZ,2022-08-06 16:22:22,40.5971,70.9607,88.95,20,1,9.57
338,Acapulco,MX,2022-08-06 16:19:55,16.8634,-99.8901,85.82,66,75,3.44
339,Uruzgan,AF,2022-08-06 16:22:23,32.8333,66.0,84.99,11,0,6.08
340,Areia Branca,BR,2022-08-06 16:22:23,-4.9561,-37.1369,95.2,50,8,14.05
341,Senador Guiomard,BR,2022-08-06 16:22:23,-10.1522,-67.7392,80.35,42,70,0.89
342,Clyde,US,2022-08-06 16:22:24,41.3042,-82.9752,84.54,74,4,7.9
343,Santa Clara,CU,2022-08-06 16:22:24,22.4,-79.9667,82.06,78,40,10.36
344,Qinzhou,CN,2022-08-06 16:22:24,21.95,108.6167,77.54,94,100,4.25
345,Kinablangan,PH,2022-08-06 16:22:24,7.6947,126.5503,78.94,85,83,4.14
346,Husavik,IS,2022-08-06 16:22:25,66.0449,-17.3389,54.07,74,88,3.76
347,Hackettstown,US,2022-08-06 16:21:41,40.854,-74.8291,88.95,66,42,8.41
348,Poum,NC,2022-08-06 16:22:25,-20.2333,164.0167,75.06,83,63,8.77
349,Anchorage,US,2022-08-06 16:20:07,61.2181,-149.9003,54.95,82,40,6.91
350,Impfondo,CG,2022-08-06 16:22:26,1.6381,18.0667,81.81,66,99,1.63
351,Ngunguru,NZ,2022-08-06 16:22:26,-35.6167,174.5,59.05,90,100,12.75
352,Liverpool,GB,2022-08-06 16:20:28,53.4106,-2.9779,70.14,60,20,11.5
353,Gizo,SB,2022-08-06 16:22:26,-8.103,156.8419,81.19,75,97,6.46
354,Krasnyy Yar,RU,2022-08-06 16:22:27,46.5331,48.3456,76.96,34,98,7.99
355,Jibuti,DJ,2022-08-06 16:22:27,11.5,42.5,90.91,38,7,6.42
356,Barkly West,ZA,2022-08-06 16:22:27,-28.5354,24.5215,63.68,19,100,7.18
357,Hangu,CN,2022-08-06 16:22:28,39.2489,117.7892,80.64,78,75,7.38
358,Bowen,AU,2022-08-06 16:22:28,-20.0167,148.2333,67.64,95,30,5.7
359,Omsukchan,RU,2022-08-06 16:22:29,62.5333,155.8,50.7,94,84,8.43
360,Lorengau,PG,2022-08-06 16:22:29,-2.0226,147.2712,80.37,78,100,3.89
361,Saint-Pierre,RE,2022-08-06 16:23:29,-21.3393,55.4781,69.91,73,75,2.3
362,Iberia,US,2022-08-06 16:21:58,29.9502,-91.7507,89.96,62,75,10.36
363,Kirakira,SB,2022-08-06 16:23:30,-10.4544,161.9205,77.79,86,92,8.48
364,Sangar,RU,2022-08-06 16:23:30,63.9242,127.4739,60.01,89,100,9.75
365,Rawson,AR,2022-08-06 16:23:30,-43.3002,-65.1023,46.0,72,98,12.44
366,Sechura,PE,2022-08-06 16:23:31,-5.5569,-80.8222,70.0,65,88,9.78
367,Boyolangu,ID,2022-08-06 16:23:31,-8.1181,111.8935,73.4,93,96,3.94
368,Sokolo,ML,2022-08-06 16:23:31,14.7328,-6.1219,95.02,38,34,4.56
369,Taoudenni,ML,2022-08-06 16:23:31,22.6783,-3.9836,114.76,7,22,19.13
370,Neuquen,AR,2022-08-06 16:23:32,-38.9516,-68.0591,37.29,93,100,4.61
371,Doha,QA,2022-08-06 16:23:32,25.2867,51.5333,102.51,63,3,8.05
372,Port Augusta,AU,2022-08-06 16:23:32,-32.5,137.7667,43.03,90,0,3.33
373,San Patricio,US,2022-08-06 16:23:33,28.017,-97.5169,91.08,45,81,7.31
374,General Roca,AR,2022-08-06 16:23:33,-39.0333,-67.5833,41.63,91,100,16.26
375,Zaritap,AM,2022-08-06 16:23:34,39.6363,45.5096,79.99,53,50,6.67
376,Isiro,CD,2022-08-06 16:23:34,2.7739,27.616,67.8,98,100,0.96
377,Lixourion,GR,2022-08-06 16:23:34,38.2019,20.4314,87.8,62,20,13.8
378,Brokopondo,SR,2022-08-06 16:23:34,4.75,-55.1667,84.83,63,90,1.32
379,Yaan,NG,2022-08-06 16:23:35,7.3833,8.5667,80.01,78,89,4.21
380,Padang,ID,2022-08-06 16:23:35,-0.9492,100.3543,78.1,86,95,3.49
381,Berlevag,NO,2022-08-06 16:23:35,70.8578,29.0864,59.0,71,20,12.66
382,Acarau,BR,2022-08-06 16:23:36,-2.8856,-40.12,86.61,52,10,17.16
383,Kavieng,PG,2022-08-06 16:23:36,-2.5744,150.7967,80.26,78,26,6.55
384,Plettenberg Bay,ZA,2022-08-06 16:23:36,-34.0527,23.3716,57.11,86,94,13.15
385,Ellisras,ZA,2022-08-06 16:23:37,-23.6649,27.7443,72.52,26,96,1.83
386,Northam,GB,2022-08-06 16:23:37,51.0333,-4.2167,68.25,49,11,12.8
387,Kahului,US,2022-08-06 16:23:02,20.8947,-156.47,81.84,68,0,4.61
388,Ilulissat,GL,2022-08-06 16:23:37,69.2167,-51.1,46.42,93,75,5.75
389,Ortona,IT,2022-08-06 16:23:38,42.3496,14.4039,95.38,63,5,5.1
390,Manacapuru,BR,2022-08-06 16:23:34,-3.2997,-60.6206,91.36,45,4,3.78
391,Lata,PT,2022-08-06 16:23:38,40.1629,-8.3327,83.48,51,0,10.04
392,Praia Da Vitoria,PT,2022-08-06 16:23:39,38.7333,-27.0667,73.76,100,40,13.4
393,Lasa,IT,2022-08-06 16:23:39,46.6166,10.7002,71.37,90,66,4.85
394,Woodmere,US,2022-08-06 16:23:39,40.6321,-73.7126,92.26,61,40,7.0
395,Nome,US,2022-08-06 16:18:40,64.5011,-165.4064,41.16,81,75,8.05
396,Urbana,US,2022-08-06 16:20:07,40.1106,-88.2073,87.42,86,100,8.05
397,Gamba,GA,2022-08-06 16:23:40,-2.65,10.0,72.52,76,31,11.54
398,Paamiut,GL,2022-08-06 16:23:40,61.994,-49.6678,43.3,95,100,12.44
399,Laem Sing,TH,2022-08-06 16:23:40,12.4816,102.0738,82.15,100,100,13.67
400,Daru,PG,2022-08-06 16:23:41,-9.0763,143.2092,77.54,91,79,11.3
401,Shingu,JP,2022-08-06 16:23:41,33.7333,135.9833,77.13,92,21,4.5
402,Baker City,US,2022-08-06 16:23:31,44.7749,-117.8344,70.59,34,0,9.22
403,Sao Joao Da Barra,BR,2022-08-06 16:23:41,-21.6403,-41.0511,77.09,63,100,11.1
404,Novyy Urgal,RU,2022-08-06 16:23:42,51.0736,132.5642,65.21,88,99,2.24
405,Siavonga,ZM,2022-08-06 16:23:42,-16.5382,28.7088,74.14,42,0,2.28
406,Maloy,NO,2022-08-06 16:24:42,61.9353,5.1136,55.13,65,68,15.5
407,Walvis Bay,NA,2022-08-06 16:24:43,-22.9575,14.5053,58.15,82,75,5.75
408,Mabaruma,GY,2022-08-06 16:24:43,8.2,-59.7833,90.36,49,61,4.54
409,Itoman,JP,2022-08-06 16:24:43,26.1247,127.6694,82.42,83,8,3.44
410,Fare,PF,2022-08-06 16:24:44,-16.7,-151.0167,77.81,76,38,25.84
411,Umm Lajj,SA,2022-08-06 16:22:09,25.0213,37.2685,89.58,65,44,5.19
412,Ust-Ishim,RU,2022-08-06 16:24:44,57.6935,71.1665,65.71,76,48,4.61
413,Port Blair,IN,2022-08-06 16:24:44,11.6667,92.75,81.27,83,100,20.36
414,Visby,SE,2022-08-06 16:24:45,57.6409,18.296,72.05,45,17,11.5
415,Petapa,GT,2022-08-06 16:24:45,14.5028,-90.5517,77.25,77,75,11.5
416,Leh,IN,2022-08-06 16:24:45,34.1667,77.5833,68.16,44,70,6.71
417,Envira,BR,2022-08-06 16:24:46,-7.3,-70.2167,88.16,56,92,1.79
418,Kushima,JP,2022-08-06 16:24:46,31.4583,131.2333,79.03,91,23,5.01
419,General Elizardo Aquino,PY,2022-08-06 16:24:46,-24.4333,-56.7,59.58,95,100,4.34
420,Namatanai,PG,2022-08-06 16:24:47,-3.6667,152.4333,78.28,83,85,5.93
421,Luzhou,CN,2022-08-06 16:24:47,28.8724,105.4405,81.39,79,31,4.12
422,Bhola,BD,2022-08-06 16:24:47,22.6833,90.65,83.43,82,79,14.67
423,Loksa,EE,2022-08-06 16:24:48,59.5764,25.7214,65.93,68,100,17.65
424,Wajima,JP,2022-08-06 16:24:48,37.4,136.9,79.7,84,64,7.58
425,Flinders,AU,2022-08-06 16:24:48,-34.5833,150.8552,55.18,70,23,8.99
426,Hay River,CA,2022-08-06 16:20:58,60.8156,-115.7999,60.78,72,100,5.75
427,Clyde River,CA,2022-08-06 16:24:49,70.4692,-68.5914,43.03,81,100,18.41
428,Morros,BR,2022-08-06 16:24:49,-9.4467,-46.3003,96.08,21,12,10.07
429,Hambantota,LK,2022-08-06 16:24:49,6.1241,81.1185,78.64,81,100,17.34
430,San Juan,AR,2022-08-06 16:24:50,-31.5375,-68.5364,59.11,40,60,12.77
431,Rosita,NI,2022-08-06 16:24:50,13.9268,-84.4032,81.55,72,77,5.06
432,San Cristobal,VE,2022-08-06 16:24:50,7.7669,-72.225,73.58,58,98,7.92
433,Krasnoselkup,RU,2022-08-06 16:24:51,65.7,82.4667,57.2,92,26,9.31
434,Hualmay,PE,2022-08-06 16:24:51,-11.0964,-77.6139,65.05,73,94,10.8
435,Kolomak,UA,2022-08-06 16:24:51,49.8399,35.3044,78.87,51,0,9.35
436,Muros,ES,2022-08-06 16:24:51,42.7762,-9.0603,71.87,71,29,1.1
437,Kantunilkin,MX,2022-08-06 16:24:52,21.0917,-87.45,92.91,43,46,5.28
438,Anloga,GH,2022-08-06 16:24:52,5.7947,0.8973,76.32,75,91,13.13
439,Vestmannaeyjar,IS,2022-08-06 16:24:52,63.4427,-20.2734,54.59,94,100,13.8
440,Sakaiminato,JP,2022-08-06 16:24:53,35.55,133.2333,80.58,94,20,2.3
441,Kununurra,AU,2022-08-06 16:24:53,-15.7667,128.7333,66.18,77,4,0.0
442,Mansa,IN,2022-08-06 16:24:53,29.9833,75.3833,87.75,62,100,5.75
443,Swan Hill,AU,2022-08-06 16:24:54,-35.3378,143.5544,46.54,94,96,5.41
444,Brae,GB,2022-08-06 16:24:54,60.3964,-1.353,52.93,95,100,15.66
445,Buala,SB,2022-08-06 16:24:54,-8.145,159.5921,78.85,84,100,4.34
446,Noumea,NC,2022-08-06 16:24:55,-22.2763,166.4572,75.99,99,52,4.32
447,Kumbo,CM,2022-08-06 16:24:55,6.2,10.6667,64.4,93,80,2.01
448,Doka,SD,2022-08-06 16:24:55,13.5167,35.7667,75.45,81,99,6.38
449,Humaita,BR,2022-08-06 16:24:56,-7.5061,-63.0208,98.38,35,11,0.18
450,Bangangte,CM,2022-08-06 16:24:56,5.1409,10.5198,66.31,93,73,3.89
451,Yebaishou,CN,2022-08-06 16:24:56,41.3975,119.6408,75.36,95,100,4.7
452,Cocorit,MX,2022-08-06 16:24:56,27.5833,-109.9667,82.74,56,98,1.95
453,Puerto Lempira,HN,2022-08-06 16:25:57,15.2667,-83.7667,75.34,94,75,0.0
454,Mattawa,US,2022-08-06 16:25:57,46.7379,-119.9028,74.01,26,0,1.77
455,Nalut,LY,2022-08-06 16:25:58,30.3333,10.85,97.57,16,2,12.41
456,Talcahuano,CL,2022-08-06 16:25:58,-36.7167,-73.1167,51.48,93,100,6.91
457,Tara,RU,2022-08-06 16:25:58,56.8944,74.371,61.02,89,100,3.58
458,Le Lamentin,MQ,2022-08-06 16:25:58,14.6153,-61.0019,84.09,84,75,10.36
459,Barranca,PE,2022-08-06 16:25:59,-10.75,-77.7667,64.85,73,87,11.43
460,Calamar,CO,2022-08-06 16:25:59,10.2511,-74.9146,85.73,67,100,7.45
461,Pangnirtung,CA,2022-08-06 16:25:59,66.1451,-65.7125,39.2,100,100,9.22
462,Tashara,RU,2022-08-06 16:26:00,55.5195,83.5094,60.76,67,5,2.53
463,Luganville,VU,2022-08-06 16:26:00,-15.5333,167.1667,76.96,86,74,5.75
464,Verin,ES,2022-08-06 16:26:01,41.9415,-7.4381,91.56,17,2,4.65
465,Saint-Denis,FR,2022-08-06 16:26:01,48.9167,2.3333,78.85,31,0,16.11
466,Cap-Aux-Meules,CA,2022-08-06 16:26:01,47.3821,-61.8597,71.65,60,20,6.91
467,Tazovskiy,RU,2022-08-06 16:26:02,67.4667,78.7,52.95,83,100,8.9
468,Tabou,CI,2022-08-06 16:26:02,4.423,-7.3528,78.4,62,38,8.1
469,Eyemouth,GB,2022-08-06 16:26:02,55.8713,-2.0901,67.23,59,99,16.78
470,Banda Aceh,ID,2022-08-06 16:26:03,5.5577,95.3222,80.44,77,96,8.88
471,Ust-Barguzin,RU,2022-08-06 16:26:03,53.45,108.9833,50.27,85,93,5.1
472,Khovu-Aksy,RU,2022-08-06 16:26:03,51.1333,93.6,48.99,53,0,2.59
473,Bakchar,RU,2022-08-06 16:26:04,57.0186,82.0711,61.45,86,66,4.79
474,Virginia Beach,US,2022-08-06 16:22:06,36.8529,-75.978,90.01,69,75,8.05
475,Bay City,US,2022-08-06 16:26:04,43.5945,-83.8889,86.32,71,0,8.05
476,Niesky,DE,2022-08-06 16:26:04,51.2924,14.8211,72.48,27,99,8.05
477,Butembo,CD,2022-08-06 16:26:05,0.15,29.2833,61.83,89,86,1.72
478,Aleksandrovka,UA,2022-08-06 16:26:05,46.8383,32.7612,71.49,77,58,1.54
479,Tari,NG,2022-08-06 16:26:05,12.4086,4.4914,92.1,44,96,4.32
480,Talara,PE,2022-08-06 16:26:06,-4.5772,-81.2719,75.96,60,0,24.16
481,Salalah,OM,2022-08-06 16:26:06,17.0151,54.0924,77.09,94,100,4.61
482,Tekeli,KZ,2022-08-06 16:26:06,44.83,78.8239,65.66,45,51,8.99
483,Shirokiy,RU,2022-08-06 16:26:07,49.758,129.523,65.62,81,100,2.84
484,Asau,RO,2022-08-06 16:26:07,46.4333,26.4,83.32,60,100,2.68
485,Pimentel,PE,2022-08-06 16:26:07,-6.8367,-79.9342,70.09,64,0,14.97
486,Santa Cruz,BO,2022-08-06 16:21:17,-17.8,-63.1667,73.45,49,75,13.8
487,Champasak,LA,2022-08-06 16:26:08,14.75,106.0,73.08,100,100,1.21
488,Basco,PH,2022-08-06 16:26:08,20.4487,121.9702,84.29,77,99,17.78
489,Mpika,ZM,2022-08-06 16:26:08,-11.8343,31.4529,62.83,47,6,4.14
490,Valentin Gomez Farias,MX,2022-08-06 16:26:09,28.2167,-106.5833,77.94,37,30,8.68
491,Port Lincoln,AU,2022-08-06 16:26:09,-34.7333,135.8667,51.42,74,8,9.69
492,Beba,CU,2022-08-06 16:26:09,22.4437,-79.7253,82.67,67,46,15.23
493,Laguna,US,2022-08-06 16:26:10,38.421,-121.4238,75.09,68,0,11.5
494,Inta,RU,2022-08-06 16:26:10,66.0317,60.1659,69.94,64,89,2.93
495,Ozinki,RU,2022-08-06 16:24:10,51.1786,49.6769,82.65,27,36,5.77
496,Sola,VU,2022-08-06 16:27:10,-13.8833,167.55,80.38,76,73,15.37
497,Punta Cardon,VE,2022-08-06 16:27:11,11.6581,-70.215,84.31,68,79,25.01
498,Olafsvik,IS,2022-08-06 16:27:11,64.8945,-23.7142,53.78,91,95,4.07
499,Boddam,GB,2022-08-06 16:27:11,57.4667,-1.7833,64.78,84,100,12.06
500,Mosquera,CO,2022-08-06 16:27:12,4.7059,-74.2302,60.89,59,75,4.61
501,Shakawe,BW,2022-08-06 16:27:12,-18.3667,21.85,80.13,19,0,4.9
502,Gijon,ES,2022-08-06 16:23:26,43.5357,-5.6615,75.45,82,87,8.01
503,Ovejas,CO,2022-08-06 16:27:12,9.5325,-75.2238,80.44,78,100,6.46
504,Ternate,ID,2022-08-06 16:27:13,0.8,127.4,79.29,82,98,2.08
505,Paka,MY,2022-08-06 16:27:13,4.6374,103.4368,76.93,100,100,0.0
506,Ossora,RU,2022-08-06 16:27:13,59.2353,163.0719,54.75,89,7,2.3
507,Wageningen,NL,2022-08-06 16:27:14,51.9667,5.6667,73.85,48,100,5.75
508,Rania,IN,2022-08-06 16:27:14,29.5333,74.8333,90.5,59,100,8.75
509,Elban,RU,2022-08-06 16:27:14,50.1018,136.5094,66.02,98,68,2.95
510,Maceio,BR,2022-08-06 16:23:58,-9.6658,-35.7353,85.44,54,20,12.66
511,Chor,PK,2022-08-06 16:27:15,25.5167,69.7667,97.23,42,59,3.06
512,Veliki Preslav,BG,2022-08-06 16:27:15,43.1667,26.8167,81.54,52,75,7.36
513,Stettler,CA,2022-08-06 16:27:15,52.3168,-112.7186,60.55,77,0,10.36
514,Bonfim,BR,2022-08-06 16:27:16,3.0833,-59.95,88.54,55,55,3.58
515,Gezing,AT,2022-08-06 16:27:16,47.9178,13.1299,64.35,97,75,5.75
516,Raga,SS,2022-08-06 16:27:17,8.4596,25.678,73.44,94,100,2.48
517,Chifeng,CN,2022-08-06 16:27:17,42.2683,118.9636,76.91,78,100,6.42
518,Xuddur,SO,2022-08-06 16:27:17,4.1213,43.8894,81.97,36,38,14.38
519,Zambezi,ZM,2022-08-06 16:27:17,-13.5432,23.1047,80.74,16,1,6.4
520,Pangody,RU,2022-08-06 16:27:18,65.85,74.4859,59.22,75,79,11.14
521,Charters Towers,AU,2022-08-06 16:27:18,-20.1,146.2667,66.9,82,19,9.08
522,Tilichiki,RU,2022-08-06 16:27:19,60.4667,166.1,52.03,94,96,4.52
523,Manjacaze,MZ,2022-08-06 16:27:19,-24.7117,33.8828,73.27,56,11,4.14
524,Mastic Beach,US,2022-08-06 16:27:19,40.7668,-72.8521,90.54,73,0,12.66
525,Lavrentiya,RU,2022-08-06 16:27:19,65.5833,-171.0,42.93,87,93,4.21
526,Comodoro Rivadavia,AR,2022-08-06 16:27:20,-45.8667,-67.5,40.86,87,40,12.66
527,Mandeville,JM,2022-08-06 16:27:20,18.0417,-77.5071,84.9,49,94,9.91
528,Raudeberg,NO,2022-08-06 16:27:20,61.9875,5.1352,54.95,65,69,16.35
529,Grand Gaube,MU,2022-08-06 16:27:21,-20.0064,57.6608,70.2,83,20,5.01
530,Half Moon Bay,US,2022-08-06 16:27:21,37.4636,-122.4286,69.91,79,100,6.91
531,Bosaso,SO,2022-08-06 16:27:21,11.2842,49.1816,90.63,48,41,1.41
532,Makakilo City,US,2022-08-06 16:27:22,21.3469,-158.0858,76.01,80,0,4.61
533,Jahazpur,IN,2022-08-06 16:27:22,25.6167,75.2833,88.47,63,96,5.21
534,Vallenar,CL,2022-08-06 16:27:22,-28.5708,-70.7581,60.26,58,100,3.44
535,Chippewa Falls,US,2022-08-06 16:27:23,44.9369,-91.3929,78.98,83,75,8.05
536,Tiznit,MA,2022-08-06 16:27:23,29.5833,-9.5,96.82,16,51,9.62
537,Tungor,RU,2022-08-06 16:27:23,53.3808,142.9564,54.09,98,100,20.24
538,Liuhe,CN,2022-08-06 16:27:24,42.2401,125.7172,72.95,76,77,4.61
539,Nukus,UZ,2022-08-06 16:27:24,42.4531,59.6103,79.84,43,95,13.82
540,Zeya,RU,2022-08-06 16:27:24,53.75,127.2667,51.53,96,26,2.64
541,Caraballeda,VE,2022-08-06 16:27:24,10.6112,-66.8522,83.25,78,15,9.75
542,Vostok,RU,2022-08-06 16:28:25,46.4856,135.8833,61.93,97,25,4.52
543,College,US,2022-08-06 16:28:25,64.8569,-147.8028,51.75,90,100,6.91
544,Tukrah,LY,2022-08-06 16:28:25,32.5341,20.5791,83.66,62,0,11.83
545,Belaya Gora,RU,2022-08-06 16:28:26,68.5333,146.4167,51.48,86,100,2.51
546,Cap Malheureux,MU,2022-08-06 16:28:26,-19.9842,57.6142,66.47,83,16,5.01
547,Mana,GF,2022-08-06 16:28:27,5.6592,-53.7767,87.19,57,71,7.0
548,Korla,CN,2022-08-06 16:28:27,41.7597,86.1469,89.44,23,96,4.99
549,Tautira,PF,2022-08-06 16:28:27,-17.7333,-149.15,75.72,79,100,23.69
550,Portland,US,2022-08-06 16:24:43,45.5234,-122.6762,72.52,68,0,5.01
